Datetime,Tweet Id,Username,Text
2020-01-07 23:51:56+00:00,1214696199069954048,melvina1_,@jefe_chink Happy birthday !!!!
2020-01-07 23:40:59+00:00,1214693442657357824,MMARushHour,@mariannemarnie @karatetomsays @chelsieomfg Dont feel bad about having humor that isnt taken well by most. It was funny.....just like it would have been if Perry was beefing with an asian guy and called him a chink or gook. Classic shit ğŸ¤£ğŸ˜­ğŸ’€
2020-01-07 23:37:56+00:00,1214692675909275655,Zirr__,@jefe_chink Happy birthday!
2020-01-07 23:35:42+00:00,1214692112710549505,DavidCSommers,Looks like there is more than one chink in our armor.
2020-01-07 23:25:14+00:00,1214689478582910978,HennyCakes,@Uniquely_Loves @QUEEN_chink Lmao like â€œwait where you goin moâ€™fucka?â€
2020-01-07 23:17:23+00:00,1214687504772796417,Tiazenaaa,"Bratz were such a big deal in my childhood cause they were the only dolls that looked like me! Chink eyes, big full lips, and their outfits were FIYE."
2020-01-07 23:16:50+00:00,1214687366797053953,moderndaymona,@jefe_chink what you changed ya # bitch? Happy Birthday thoâ¤ï¸ğŸ¥³
2020-01-07 23:16:40+00:00,1214687324262555648,Chinaman_123,@Crypto_Bitlord Always a question of when you enter/leave a market.
2020-01-07 23:06:48+00:00,1214684842266374144,aliyahPYT,@jefe_chink Happy birthday bro ğŸ¥³
2020-01-07 23:01:40+00:00,1214683550039052290,Chinaman_123,@XVGhulk How is that good though?
2020-01-07 23:00:39+00:00,1214683292945076224,_dwango,"@ProfAnonymous Oy vey, how could you tell.

And yeah, gonna get something chink but decent. I've heard good things about KZ ZS10 Pro https://t.co/O9XHmJq5ID"
2020-01-07 22:59:41+00:00,1214683048219987971,DajeyahB,@jefe_chink happy birthday
2020-01-07 22:59:16+00:00,1214682944129908736,EveKeneinan,"@AStratelates @AnUntimelyMan Hegelâ€™s SYSTEM is all-devouring. It simply rolls over and absorbs any criticism of it as simply another moment in the total Hegelian dialectic. 

If it HAS a chink in its armor, an Achillesâ€™ heel, it was Kierkegaard who found it â€” found it and drove a nail of the Cross into it."
2020-01-07 22:53:06+00:00,1214681394531753984,Chinaman_123,"@Bitcarla Pls dont, go read rich dad poor dad"
2020-01-07 22:52:43+00:00,1214681297530052608,Chinaman_123,@ltc_angel How many btc to go to heaven?
2020-01-07 22:51:01+00:00,1214680867949490179,Chinaman_123,@officiallykeith @CryptoEllis @shadowjagman @binance @MineABlock1 If he doesnâ€™t agree to give it back nothing you can do imo even with proof i think binance shouldnâ€™t be able to do anything about it.
2020-01-07 22:45:44+00:00,1214679539726598148,_shawn_lashay,@jefe_chink Happy birthday
2020-01-07 22:42:14+00:00,1214678660634021900,cama033,@CHINK_YSL Okay...ğŸ¤·ğŸ½â€â™€ï¸
2020-01-07 22:36:34+00:00,1214677232335179777,MeanXVI,happy gday broski more life... @jefe_chink ğŸ’¯
2020-01-07 22:23:20+00:00,1214673903412563971,chelly_rozayy,@jefe_chink Oh. Hbd
2020-01-07 22:21:33+00:00,1214673453669851136,TayvonRuley,@jefe_chink Happy belated fam !
2020-01-07 22:21:05+00:00,1214673334287384576,Fancyman,@Kendrick6009 @ca2eless @Guncerns__ Hahahaha Get egoâ€™d Dumb chink
2020-01-07 22:17:24+00:00,1214672409837490176,matchapowder,oh or i guess chinese mixed into it makes more sense lel but he is chinese like u Coulda just gone by rich chink and nobody woulda cared but u had to be antiblack
2020-01-07 22:17:19+00:00,1214672389910540294,leftynuts2,"@alltoplay4 I think she is young and needs to find her roots Lavery McDonnell and Corbyn will be mentors. Mate she could be the chink in Boris armour he cant stand being opposed by a female. 

Im a member of the party by the way.
Who do you think?"
2020-01-07 22:16:24+00:00,1214672156656840710,LoveMoe16,Everyoneâ€™s posting themselves with and without glasses and I would but my eyes are literally so small ima chink without glasses and itâ€™s embarrassing
2020-01-07 22:14:49+00:00,1214671756872470528,matchapowder,rich brian thinks well forget he tried to go by a mix of chink and the n word.
2020-01-07 22:11:10+00:00,1214670840798728194,Raalphie,NEED CHINK FOOD
2020-01-07 22:02:23+00:00,1214668628857147392,TroveCHIAbot,"Another interesting item! The last Chinaman on the Jordan goldfield, a market gardener (1906-1907): https://t.co/MQITqtJa7j"
2020-01-07 21:35:26+00:00,1214661849653878786,lightskin_chink,Iâ€™m oss this year donâ€™t come up in here distracting me!
2020-01-07 21:26:02+00:00,1214659480287354880,FineAss_Chink,My hair growing...s.b..this was two months ago I wanna see where it is now #HealthyHair https://t.co/aKbb5GPTYN
2020-01-07 21:21:38+00:00,1214658375071473664,FineAss_Chink,Oouuu ahhh donâ€™t make me pop this trunk
2020-01-07 21:21:16+00:00,1214658283816001542,FineAss_Chink,The baby even pissed tf offğŸ˜­ğŸ˜‚ğŸ˜‚
2020-01-07 21:19:54+00:00,1214657937760804866,FineAss_Chink,@ShawtyBe_Killin Lmaoooo ayooo how you knowww
2020-01-07 21:16:24+00:00,1214657058248765446,FitasaMamaBear,@audiogal At least youâ€™re getting a solid chink of time! I used to be a night owl :) took me FOREVER to change it lol
2020-01-07 21:14:08+00:00,1214656488582463489,patricialjohn14,@ABCPolitics @ABC @marykbruce How I hope someone is intelligent enough to find the chink in the Republican armor. Nice to think that maybe they won't get away with this.
2020-01-07 21:08:52+00:00,1214655162008031232,jaaeelaa,The lady at the chink store acting like she couldnâ€™t fwm on the sticks ğŸ˜­ğŸ˜­
2020-01-07 21:03:22+00:00,1214653778525401090,lightskin_chink,My kids are really my happiness Iâ€™d be nothing without themâ¤ï¸
2020-01-07 21:02:35+00:00,1214653582756237313,lightskin_chink,When my kids came home fro school today &amp; all I heard was â€œmommyyyâ€ &amp; â€œmommy I missed youâ€ I canâ€™t believe I almost criedğŸ˜­ğŸ¥ºI really be sittin here like omg Iâ€™m really 2 peoples mom and I still canâ€™t believe this sometimesğŸ˜©ğŸ˜‚â¤ï¸â¤ï¸
2020-01-07 20:55:32+00:00,1214651804987920384,CHINK_YSL,@Amourkaye1 Keep watching lol
2020-01-07 20:52:13+00:00,1214650970451271680,Amourkaye1,@CHINK_YSL WHY YOU AINT TELL ME GOT ROBBED ğŸ˜©ğŸ¥º
2020-01-07 20:51:02+00:00,1214650676036472833,nolajazzmuseum,"Remembering bass and tuba player Chink Martin, who passed away in New Orleans on this day in 1981. He began his career with the Reliance Brass Band in 1910, in the 1920s he recorded with the New Orleans Rhythm Kings &amp; was also a staff musician for radio station WSMB. https://t.co/X0y42PJglp"
2020-01-07 20:42:48+00:00,1214648600598323201,CHINK_YSL,@Amourkaye1 Awe yeah you on it Frfr lol
2020-01-07 20:42:13+00:00,1214648456892960770,Amourkaye1,@CHINK_YSL You have no idea!ğŸ˜‚ i finished All American in a day n a half ğŸ˜‚on my block in one ğŸ˜‚ i be ON IT ğŸ˜­
2020-01-07 20:37:22+00:00,1214647235943845888,CHINK_YSL,@Amourkaye1 ğŸ¤£ğŸ¤£ğŸ¤£ you gone mess around and binge watch it
2020-01-07 20:36:45+00:00,1214647080142008320,Amourkaye1,@CHINK_YSL Whew ğŸ˜… okay no more questions I promise ğŸ˜‚
2020-01-07 20:35:57+00:00,1214646876756217858,CHINK_YSL,@Amourkaye1 Nope . He supplying it
2020-01-07 20:35:26+00:00,1214646750285164544,Amourkaye1,@CHINK_YSL So he aint on no bs?
2020-01-07 20:34:55+00:00,1214646616503791617,CHINK_YSL,@Amourkaye1 CIA but he the connect
2020-01-07 20:34:17+00:00,1214646458479104000,Amourkaye1,@CHINK_YSL The white boy undercover?
2020-01-07 20:33:12+00:00,1214646185194967040,Amourkaye1,@CHINK_YSL Ugh i got ONE question tho ğŸ˜©
2020-01-07 20:32:39+00:00,1214646047580012547,CHINK_YSL,@Amourkaye1 Wait until the second season
2020-01-07 20:32:04+00:00,1214645902284951552,Amourkaye1,@CHINK_YSL Okay i owe you one! 2nd ep. in &amp; im GLUED https://t.co/SD6yVSgXNp
2020-01-07 20:20:33+00:00,1214643004193067013,FineAss_Chink,Put your phone on DND &amp; pay him no mind
2020-01-07 20:18:44+00:00,1214642544908394498,CHINK_YSL,Iâ€™ll cut ya ass off faster than I know it .
2020-01-07 20:15:53+00:00,1214641828416434178,dhadhagarcia,Chinkee Tan In Bacolod For Ka Chink Event. Win Tickets &amp; Books By Joining The Giveaway! https://t.co/JhDqAsgCQ1
2020-01-07 20:15:36+00:00,1214641758723854336,whyNard,Them bitch as crackas try to send my chink @xS1MBAA cross that water Iâ€™ma send that shit .
2020-01-07 20:03:41+00:00,1214638757116141568,HMKingDivo,@balleralert Thatâ€™s a Chinaman
2020-01-07 20:03:38+00:00,1214638744889937922,DCMiller1212,@YuFoundNemo @whoissizzle @QUEEN_chink If twitter was around in the 90's MJ wouldn't be the GOAT
2020-01-07 20:01:52+00:00,1214638302713860097,Chink__o,"Roll something and get the day started. If yesterday was good today can be even more fire. 

By @wizkhalifa"
2020-01-07 19:47:35+00:00,1214634706559537153,kaylab_____,@CHINK_YSL No body
2020-01-07 19:46:34+00:00,1214634451113828352,lightskin_chink,He makes me &amp; my kids soo happyğŸ¥º
2020-01-07 19:42:09+00:00,1214633337085743105,lightskin_chink,I hate feeling like a sucka but this man really do somethin to meeğŸ˜©â¤ï¸
2020-01-07 19:23:46+00:00,1214628711909265408,CHINK_YSL,I remember when people used to be scared to eat crawfish and crab now itâ€™s damn near everybodyâ€™s fav food .
2020-01-07 19:20:07+00:00,1214627794749132801,CHINK_YSL,@Amourkaye1 Bet that
2020-01-07 19:19:51+00:00,1214627726079905792,Amourkaye1,@CHINK_YSL Iâ€™ll be the judge of thattt
2020-01-07 19:19:21+00:00,1214627602201223168,CHINK_YSL,I still eat cup noodles
2020-01-07 19:18:47+00:00,1214627456667324421,CHINK_YSL,@Amourkaye1 Best show ever !
2020-01-07 19:18:28+00:00,1214627378304970752,Amourkaye1,@CHINK_YSL Is it good?
2020-01-07 19:17:13+00:00,1214627063400992768,CHINK_YSL,Peanut butter seats came prefect time .
2020-01-07 19:16:45+00:00,1214626947730415616,CHINK_YSL,@Amourkaye1 Young kingpin
2020-01-07 18:58:45+00:00,1214622417240363009,Kershaw5Ian,@onthisGTFCday Ching chong chinaman cant remember his name
2020-01-07 18:51:18+00:00,1214620543598702594,iamnotdrew,Bro we canâ€™t say â€œchink eyesâ€ or â€œChinese eyesâ€ anymore lmao
2020-01-07 18:51:15+00:00,1214620530969591809,MoenensJan,@ChinaMan_123 just heard in the news 56 already
2020-01-07 18:49:32+00:00,1214620096280367105,CHINK_YSL,Free of charge.
2020-01-07 18:48:58+00:00,1214619954152120325,CHINK_YSL,"I got a lot of love to give away , who want this Shit ?"
2020-01-07 18:42:24+00:00,1214618304175841280,e_chink,"@bilarybanks Girl I donâ€™t not a thing wrong with your hair , you look good ! https://t.co/V4phYVGMCJ"
2020-01-07 18:35:44+00:00,1214616626290663424,SrasRafay,"@fireinthehole79 @Sandi_Tracey @FrenchLinda @DanCrenshawTX @rosemcgowan Indeed it isnt. But it plays a mjaor chink in all the evil..they are investing billions of dollar tax payer money on wars..wars that are solely to create chaos and promte their weapon industry..People are dying,starving and being butchered due to CIA shenanigans. Vietnam is hstry"
2020-01-07 18:32:54+00:00,1214615911807754240,kimbermiles0,"notice 0bama wanted Trump to start bipartisan investigation into Russia
NOT A WORD ABOUT FEINSTEINS
TWENTY YEAR LONG Chinaman
spying campaign selling Military Secrets to China only look at phoney bullshit - hypnotic techniques
""Republicans fail to see the seriousness of the Hoax"""
2020-01-07 18:31:38+00:00,1214615591115460615,jiggly_puffdady,"@YuFoundNemo @whoissizzle @QUEEN_chink If 2020's Twitter was around in the 90's yeah. But this'd be 90's Twitter in the 90's, people would say the most racist, sexist, most offensive shit ever and it'd be all good."
2020-01-07 18:30:18+00:00,1214615257995448320,DramuhBoyz,Chink Blessico - Lost It All https://t.co/XOvAtMyyK2
2020-01-07 18:16:53+00:00,1214611882289565701,Gorgeous_chink,I think I want to give in and get a boyfriend this year ğŸ˜©
2020-01-07 17:55:27+00:00,1214606488431407104,jkerr190,"Can't get my head around what Democrats are doing.We should show solidarity at this pivotal moment.Our enemies see this and will use it against us.A United States toghter shows strength but all we are showing the enemy is a chink in our armor,a way to divide us. It emboldens them"
2020-01-07 17:55:11+00:00,1214606420940750848,_yung_sb,@Jhakeeeeee are you illiterate chink
2020-01-07 17:53:31+00:00,1214605999363022850,YuFoundNemo,@whoissizzle @QUEEN_chink If social media was around in the 90s everyone wouldâ€™ve been suspended with in a week.
2020-01-07 17:35:04+00:00,1214601355769319425,LovelySocialist,@OwenJones84 This feels like a chink of light! Well done Spain!
2020-01-07 17:27:27+00:00,1214599441975517186,Chink_z,Being the first one to use the dorm washroom/showers after itâ€™s cleaned &gt;&gt;&gt;&gt;&gt;&gt;&gt;
2020-01-07 17:26:20+00:00,1214599157958221824,Chink_z,@briannatg_ Lmaooo no but technically yes
2020-01-07 17:23:14+00:00,1214598380367822848,briannatg_,@Chink_z R u bitches ?
2020-01-07 17:20:16+00:00,1214597632066232320,Chink_z,@CtrllNeciaa Ngl I can relate ğŸ¤£ğŸ¤£ but they didnâ€™t even give the semester a chance
2020-01-07 17:14:15+00:00,1214596118136401921,Chink_z,Itâ€™s only day 2 of classes and bitches are already online shopping during the lecture ğŸ¤¦ğŸ½â€â™€ï¸
2020-01-07 16:50:38+00:00,1214590175256469509,briannatg_,@Chink_z SCREAMINGGGG ğŸ˜­ğŸ˜‚
2020-01-07 16:34:16+00:00,1214586057217445889,HeyIts_Chink,"I like a bust it baby, imma bust you too"
2020-01-07 16:33:57+00:00,1214585977148182533,HeyIts_Chink,Iâ€™m you undone me baby imma undo you
2020-01-07 16:33:04+00:00,1214585756079005696,HeyIts_Chink,You sprung me baby I sprung you too
2020-01-07 16:32:51+00:00,1214585700097626112,HeyIts_Chink,Waiting on lil mama trynna lock me. It canâ€™t be nobody if itâ€™s not me
2020-01-07 16:21:43+00:00,1214582899120332800,closelookdesign,@Heisenherr Peter's ass looks like a Korean guy I knew in high school. Paul Kim. Great sense of humour. I fucked up anyone who called him a chink.  Two I can remember.
2020-01-07 16:04:59+00:00,1214578686382370817,ChristaBrown777,"In 2014, after FL jury awarded $12.5M in sex abuse case involving #SBC pastor AND assessed liability against FL Bapt Conv, not just local church, I wrote that case was first chink in #SBC autonomy wall &amp; predicted more lawsuits would follow. 1/5 https://t.co/f3qLQ7pbc6"
2020-01-07 16:00:38+00:00,1214577594152161280,ColinDexter7,"@matthewamiller All of his sentences run into each other, not a chink of a pause between them, destroying the ability to think and absorb his rapid fire dissimulation."
2020-01-07 15:57:35+00:00,1214576823318851586,antonstrout,"It's hard to take ol' Sheev Palpatine seriously.. a guy whose every plan hinges on a chink in his armor, be it one ship to control a droid army, two Death Stars with critical vulnerabilities, or one transmitter to take down an entire armada of ships... get it together, Palps!"
2020-01-07 15:51:56+00:00,1214575403521757184,CHINK_YSL,Stuck this Qtip up my damn nose ğŸ¤¦ğŸ¾â€â™‚ï¸ why I hate Drâ€™s
2020-01-07 15:45:43+00:00,1214573838266241024,Chinaman_123,"@Mr_Anderson____ 100k acc costs you 3k only, i accept btc. Send dm."
2020-01-07 15:42:32+00:00,1214573039695872008,Chinaman_123,@cz_binance With that much of confidence you must be dating victoria secret models ğŸ˜‚
2020-01-07 15:30:41+00:00,1214570054412488705,Gorgeous_chink,"A good defense is rarely a better offense, especially in the r... More for Sagittarius https://t.co/oAerbauIZz"
2020-01-07 15:24:04+00:00,1214568391916187649,crys_okk,â€œHold up Hold upâ€ ğŸ˜­ğŸ˜‚ğŸ˜‚ Chink ainâ€™t want no smokeeee https://t.co/uSso0u9Ne7
2020-01-07 15:22:59+00:00,1214568116224696321,Chinaman_123,@strahd1982 @AIRCOINS_App @RobertFields16 @NicholeGibson12 @Pitbull_mother @realisticmarke1 @ShaunBaileyUK @LaurenDragan This means we need a new giveaway
2020-01-07 15:18:07+00:00,1214566894432186370,Chink_z,@CtrllNeciaa I was just talking about this...ğŸ˜´ there are ugly and attractive people of every color I donâ€™t get the obsession
2020-01-07 15:13:09+00:00,1214565643422298113,kwirirayi,@ZimCricketv @advocatemnyama @ZimbabweSrc @cemambo @larry_moyo @nickmangwana @advocatemahere @Gomorezvidinha @KirstyCoventry @mubhau @Mdawini_29 And he is a left-arm chinaman. Whoa fam!
2020-01-07 14:54:44+00:00,1214561009693642752,anandydr,"@sorcerical @ShehanKaru @PenguinIndia Ambitious, playful, and strikingly original, Chinaman is a novel about #Cricket and #SriLanka â€” and of Sri Lanka through its Cricket. I've added it to @IndicBookClub here -

https://t.co/96wVjyXfks"
2020-01-07 14:53:21+00:00,1214560659263737861,kartcric,Zim U19 beat SA U-19 ğŸ‘Œ. Chinaman bowler Tadiwanshe Nyangani with a five wicket haul. Ideally should have had two wins out of three considering they bottled it against NZ but this will feel great. https://t.co/3SZzUwNT1N
2020-01-07 14:51:18+00:00,1214560145805438979,Moameddow,@somersetlevel @Storyguy666 That Chinaman who initially contacted you?ğŸ¤·ğŸ»â€â™€ï¸
2020-01-07 14:50:09+00:00,1214559856771784707,EmmaHoyes1,"As a pantzer first drafts feel like feeling my way blindly down a dark tunnel but every time thereâ€™s a chink of light itâ€™s so exciting! 

#writerslife #writerscommunity"
2020-01-07 14:38:23+00:00,1214556892720062464,Kaushik1695S,"Kuld is a wonder @imkuldeep18 no way fearing to toss it up and his pace, probably one of the slowest compared to other international spinners!! A wonder and being a chinaman has an added advantage  #INDvSL"
2020-01-07 14:35:45+00:00,1214556230280077313,iLoveNuski,Bout to go back home &amp; make me &amp; chink breakfast
2020-01-07 14:26:08+00:00,1214553812993630208,dhokiya_harshal,"And that's @imkuldeep18 special.
 ğŸ‡±ğŸ‡°: 82/3
#INDvSL #BleedBlue #ChinaMan"
2020-01-07 14:23:03+00:00,1214553036342910977,Chink_z,"Goodmorning to my pretty girls who mind their own âœ¨ğŸ’—, the rest of you who stay badmining people go back to sleep ğŸŒš."
2020-01-07 14:16:26+00:00,1214551369094320130,carlyspade,@ZenaAZellers Definitely Pharok. My reptilian/dino hero. Deadpan. Dry humor. Badass. A raging bull on the battlefield but chink away the armor and is just another soul looking for companionship. ğŸ˜ğŸŒŒ
2020-01-07 14:01:50+00:00,1214547696696090625,eenzzaj,@SheWantsTheVic @QUEEN_chink Lmfao this is lit
2020-01-07 13:50:08+00:00,1214544750755352576,EricGuillot14,@IamHorseRacing @loomsboldly @lrfracing Been carrying that same camera he mugged a Chinaman of at Hollywood Park for 30 yrs and hasnâ€™t hard film in it since but looks good fo shoğŸ˜‚ğŸ˜‚ğŸ‡ğŸ»ğŸ‡ğŸ»
2020-01-07 13:42:19+00:00,1214542785732325378,PaymentGal,"#Debitcard issuers take note - Amazon Pay uses stored credentials, which are more likely to be credit cards.  Another chink in the everyday spend armor #payments   https://t.co/ZZVoOGxOfD"
2020-01-07 13:36:38+00:00,1214541355868938246,PixieSteven,"@GrahamCoke @FKGPML As there is likely to be charges and a following case best to not to do anything that could give a clever lawyer a chink in prosecution case. Every bit as angry as you, but they need to be punished so Belle has  justice ğŸ˜¿ğŸ˜¿"
2020-01-07 13:34:56+00:00,1214540927483744261,laa_chink,im soooo ready for the summer again.
2020-01-07 13:32:03+00:00,1214540200459636736,LoveLife_Chink,A simple gesture of kindness can touch hearts and change minds... More for Leo https://t.co/V1w1V9Jfyr
2020-01-07 13:14:33+00:00,1214535795375259650,Saqibca,@ijlal__ Maaz is offy...Ahsan Mirza is chinaman...Farzan is young and could bat too. On top Leggys are more valuable than other spinners in T20 leagues...
2020-01-07 13:06:41+00:00,1214533816338939906,jamietse_,@eviemurphy01 Call him a chink
2020-01-07 12:30:08+00:00,1214524619652239360,itsoweznotowen,"@mileyywanag @SBSNOW Itâ€™s â€œdonâ€™t chink, feel!â€ Hahaha!"
2020-01-07 12:22:05+00:00,1214522594398834688,janjans18475192,@GordonGChang A typical golden Oreo - pretending to be white but the slit eyes and chinky accents are giveaways- u re always be a Chink whether u like it or not
2020-01-07 12:18:29+00:00,1214521685115916291,CelesteCajmonee,Omg Chink is going to be crying when she gets to the car I can hear her now ğŸ˜­ğŸ˜«
2020-01-07 12:09:50+00:00,1214519511153598465,ijlal__,Lahore Qalandars k pdp program mn aik chinaman bowler tha who performed really well in Abu Dhabi t20 tournament and he was also called in emerging players camp recently....What is his name and is he in Qalandars squad for Psl5?#HBLPSLV
2020-01-07 12:01:43+00:00,1214517468544278529,_Chinaman,Iâ€™m just tryna get high ğŸ˜­
2020-01-07 11:46:10+00:00,1214513552674971648,mikekie15,@_Imissbts @realDonaldTrump Okay chink eyes
2020-01-07 11:40:20+00:00,1214512087499714560,Jakegib96,@Chink_S97 Fucking shite eh man wanted to see tashas tits
2020-01-07 11:37:34+00:00,1214511389429157888,_rolyattt,@thereal_chink I really thought she was gon get away at the end ğŸ˜­ Paco really a whoreğŸ’€
2020-01-07 11:36:02+00:00,1214511001845940225,Fancricket12,"The left-armer v the RHB. The RHB would feel the left-armer might use the inwinger, and from over the wicket when it sort of goes with the angle, the RHB tends to edge it. If you're smart, this left-arm angle can get lots of wickets for the pacer and chinaman bowler #SAvENG"
2020-01-07 11:28:55+00:00,1214509212291612672,neighhay,"A good push poll for DemsğŸ˜‰:  â€œWould you support Obamaâ€™s good friend and Vice President, a gay mayor, a neurotic Jew, a Hindu veteran who may have PTSD, Pocahontas, or a Chinaman good at math? Obamaâ€™s VP was Biden. Will you vote for Biden?â€ https://t.co/m3SNfkYK10"
2020-01-07 10:59:43+00:00,1214501862444941312,greg_in_az,@atensnut He is always trying to find a chink in @realDonaldTrump armor instead of helping
2020-01-07 10:26:34+00:00,1214493524009181185,YungHeo_,@joviexolei @zerotheunkwn You're not a complete chink until you've been called Bruce Lee rofl
2020-01-07 09:47:28+00:00,1214483682439958529,Rexellis75,"@elfynanwyl Nice and kneeasy does it Edwyn...
Sad end to a promising career... But is it? According to reports,
Pivac.. in tears
Giggs .. inconsolable
Dave Brailsford... Watching the recovery with interest..ğŸ‘€

Chink of light maybe...ğŸš´

Old adage

Not a bad player not a good one either ğŸ˜‚â¤ï¸"
2020-01-07 08:49:45+00:00,1214469155925188608,DramuhBoyz,Down for Me (Chink Bless) https://t.co/XOvAtMyyK2
2020-01-07 08:14:36+00:00,1214460313136812032,sparkum,New beginnings are often disguised as painful endings #lautzu #laozi #freshstart #2020 #believe #oneword #doing #motivation #growthmindset #rainbow #rain #chinamanshat #instagood #photooftheday @ Chinaman's Hat https://t.co/gtZzptM5xl
2020-01-07 08:02:02+00:00,1214457147326644224,Iangrahamnimr,"Well, the devil's blowing coal
Through the smokestacks of your mind.
Dylan's hanging on the cross
The piano's doing fine.

Jacob's on the ladder
Smoking cannabis cigarettes
The chinaman's got heartburn
And aâ€¦ https://t.co/jDjLnE9XUa"
2020-01-07 07:33:30+00:00,1214449968762818560,Xerathion,@PeterXinping calm down chink
2020-01-07 07:25:55+00:00,1214448059691753472,CERNCourier,"The @LHCbExperiment at @CERN has observed new states thought to be excited Î©bâ» (bss) baryons

The findings are a new chink of light for physicists seeking to model hadronic states, including exotic structures such as pentaquarks

https://t.co/IOdl9eIfYT"
2020-01-07 07:03:49+00:00,1214442497352425472,coldlunch,@cola_liker I only celebrate left-arm chinaman Christmas
2020-01-07 06:58:57+00:00,1214441272234168320,ucxnt_,Mad because my family survived being slaves because of the colour of their skin. Chinese brush â€˜chinkâ€™ off like itâ€™s so normal to save an argument. Irish feared cos of the ira. And gypsies discriminated as robbers and tramps.
2020-01-07 06:46:05+00:00,1214438034856464386,MrTRoach,"@hammonds_gary90 @HughesHaili Great shot. This was Christmas Eve at that spot. Leaden skies with a chink of sunlight to the south, before it turned to a squall of wind and rain. https://t.co/tB5e6Ok0Ic"
2020-01-07 06:37:27+00:00,1214435863737913345,Adaaezahra1,@deespeak @ZEE5Premium @mohituraina @sidpmalhotra @chink_ster Very nice act dia .. love you ğŸ‘ğŸ‘ŒğŸ˜Š
2020-01-07 06:36:46+00:00,1214435691918061570,Hyubug,everyone mouthing chink when they use fish as an audio on tiktok Yall disgusting ass mfs
2020-01-07 06:31:36+00:00,1214434390920617984,Lavendars_,"Hierarchy of dark-skin black beauty:

1. Body (Hours glass/or thick/or ass) 

2.  How exotic the features are (slime nose, chink eyes, ombre lips) 

3. Skin tone (the better the features 1 &amp; 2 are the more desirable you are)"
2020-01-07 06:24:48+00:00,1214432681397604353,wcccc_us,@PatriarchPrimus JokeÊ¼s on you: a Chinaman is in charge.
2020-01-07 05:23:44+00:00,1214417312566120448,tanishab___,My nail tech a chink and sheâ€™s fuckin beast but Iâ€™d throw her away if I found a poppin ass black owned nail salon. Lmao
2020-01-07 05:06:14+00:00,1214412906709835776,first4retail,"Through the darkness, a chink of light - how things are starting to turn at Sunderland https://t.co/kl3cXBuI8Z"
2020-01-07 05:03:05+00:00,1214412112967208960,410_terrence,@thereal_chink Im rey see what the hype bout
2020-01-07 04:59:52+00:00,1214411307019046913,iceyyy3x,@NXNW_Chink Iâ€™m straight I just need sleep
2020-01-07 04:58:17+00:00,1214410904768569344,iceyyy3x,@NXNW_Chink Life man life
2020-01-07 04:51:40+00:00,1214409243505438720,yungcontent,"we really gotta retire the saying ""chink in the armor"" in 2020. y'all might as well say there's a gook in the freezer"
2020-01-07 04:17:45+00:00,1214400704300736512,unkwn_jpg,"Got called a chink today, my life is complete."
2020-01-07 04:17:16+00:00,1214400583538483200,Chink_z,"@ShyBella_ ğŸ¥° thanks ma, I need more though"
2020-01-07 04:14:51+00:00,1214399976593334273,ShyBella_,@Chink_z Excuse me? U already have ASSS tuh ğŸ™„ğŸ˜­
2020-01-07 04:13:38+00:00,1214399670568570880,offmeta_tomi,@B0KUT04 @naoislost @blumord Cuando salen unas pizzas in the chink house y hacemos standup @blumord
2020-01-07 03:56:54+00:00,1214395457503465478,Charrlis_ANgel_,@aye_yo_chink Iâ€™m excited to have taken the first step
2020-01-07 03:54:18+00:00,1214394805670883328,latraciashyann_,@chink_Key_face Lol cuz that was really me I was so damn confused at first! I had to check the air date on the episode ğŸ˜‚
2020-01-07 03:53:53+00:00,1214394701824057344,baberuthx3,@chink_Key_face Quan and I were tweaking! Like nah we def pressed the wrong episode ğŸ˜‚
2020-01-07 03:42:53+00:00,1214391933403062273,RamboFame,@aye_yo_chink Some of the stuff u say
2020-01-07 03:34:26+00:00,1214389804009476096,HeyIts_Chink,For you I put my life on the line that shit felt crazy
2020-01-07 03:18:40+00:00,1214385837326192640,shortgrainric3,"back on Twitter cuz some sorority girl at SHU yelled ""CHINK"" when doing those instagram filters, loool fuck her"
2020-01-07 03:16:21+00:00,1214385252799401984,sto0d_,@QUEEN_chink ğŸ˜‚ thatâ€™s funny
2020-01-07 03:14:37+00:00,1214384819041230848,sto0d_,@QUEEN_chink Thatâ€™s wassup
2020-01-07 02:55:07+00:00,1214379910590062592,theylovestar_,@N3llyyyy @chink_Key_face Ctfu nah fr I was just saying I think 2020 the year to bring my lit me back we too cute
2020-01-07 02:38:00+00:00,1214375604470108161,theylovestar_,@chink_Key_face Ctfuuuuuu this was me yoğŸ˜‚ğŸ˜‚ğŸ˜‚
2020-01-07 02:29:05+00:00,1214373359980552192,N3llyyyy,@theylovestar_ @chink_Key_face ğŸ˜­ word up
2020-01-07 02:23:30+00:00,1214371955870240768,theylovestar_,@chink_Key_face @N3llyyyy Well itâ€™s a new year so lit attitudes on only ladiesğŸ¥³ğŸ˜‚
2020-01-07 02:10:28+00:00,1214368673844137985,RoadRunnin_Lj,All my folks still be eating dat chinaman bs... Eating straight rat ğŸ˜‚ğŸ¤¦ğŸ¾â€â™‚ï¸
2020-01-07 02:10:14+00:00,1214368616612683777,Mandolinchin,"President: ""That's what I'm asking you. Who is the new leader of China?""
Secretary: ""Yes.""

President: ""I mean the fellow's name.""
Secretary: ""Hu.""

President: ""The guy in China.""
Secretary: ""Hu.""

President: ""The new leader of China.""
Secretary: ""Hu.""

President: ""The Chinaman!"
2020-01-07 02:08:57+00:00,1214368294494461952,slowboogiewalt,"Bust a nutt on her stomach wash my dick in the sink, and buy a 40 at tha store from the god damn chink"
2020-01-07 02:08:54+00:00,1214368282079313925,lechaeamour,Chink undefeated ğŸ˜‚ğŸ˜‚ğŸ˜‚ğŸ˜‚
2020-01-07 02:05:27+00:00,1214367411752751104,kuanbt,"""â€œThere are all (UMNO) these guys with their arrows out on me. There seems to be a very, very coordinated attempt to say: â€˜This young Chinaman, itâ€™s all his fault, he caused the failure of 1MDB and apparently he advised the PM and everything is screwed up nowâ€™.â€ #JLow ğŸ¤¯ğŸ¤¯ğŸ¤¯ğŸ˜‚"
2020-01-07 02:03:20+00:00,1214366878346420224,Chink_Robertson,I need an someone to come decorate my new place. Shits depressing.
2020-01-07 02:01:01+00:00,1214366295891828737,AvidPhased,@Seager2K Come to Chicago you chink
2020-01-07 01:54:37+00:00,1214364684771643392,uhzoaix,"@floofy_zayn i'm a never nude, like a sim. no crop tops for me ğŸ˜¤

and I can't believe I've given away my vulnerability like this, the chink in my armour, my (literal) soft underbelly"
2020-01-07 01:41:28+00:00,1214361374983258112,SurendraVijen,@TajinderBagga This gang of Islamists &amp; Commies have clearly formed an alliance that can be lethal for India's security. That much is true. This is the chink in India's armour. Indians must see this clearly.
2020-01-07 01:29:30+00:00,1214358364693684224,RosKouture,Chink get out my thoughts ğŸ˜­
2020-01-07 01:18:14+00:00,1214355527465078784,deeblain,@DeeMolishh @bydisgrace @QUEEN_chink Music &amp; all
2020-01-07 01:17:39+00:00,1214355384003117056,sbxjap,@DannyBaker0 I took some drone shots of â€œChinamanâ€™s Hatâ€ but people came over and watched. I parked so far in a parking lot too ğŸ˜‚
2020-01-07 00:56:53+00:00,1214350157166338048,slacquin,@AmyMcGrathKY Deep State darling is another chink in the armor of American greatness.
2020-01-07 00:46:41+00:00,1214347588322787328,brandonmin8,@VSHTRAY Iâ€™m chink. I have no eyes.
